Centroid_ID,Probability
Centroid_1,0.0003111111111111111
Centroid_2,0.0006
Centroid_3,0.0008666666666666666
Centroid_4,0.0007111111111111111
Centroid_5,0.0008666666666666666
Centroid_6,0.0005333333333333334
Centroid_7,0.0005777777777777778
Centroid_8,0.0006222222222222223
Centroid_9,0.0007777777777777777
Centroid_10,0.0002666666666666667
Centroid_11,0.0008222222222222222
Centroid_12,0.0004888888888888889
Centroid_13,0.0005111111111111112
Centroid_14,0.0006444444444444444
Centroid_15,0.0008
Centroid_16,0.0008888888888888889
Centroid_17,0.00011111111111111112
Centroid_18,0.0002
Centroid_19,0.0006888888888888888
Centroid_20,0.0005333333333333334
Centroid_21,0.0004
Centroid_22,0.0007777777777777777
Centroid_23,0.0006666666666666666
Centroid_24,0.0006222222222222223
Centroid_25,0.0003333333333333333
Centroid_26,0.00044444444444444447
Centroid_27,0.0004888888888888889
Centroid_28,0.0006
Centroid_29,0.0005555555555555556
Centroid_30,0.0006666666666666666
Centroid_31,0.0003111111111111111
Centroid_32,0.0007777777777777777
Centroid_33,0.0006444444444444444
Centroid_34,0.0006888888888888888
Centroid_35,0.0003111111111111111
Centroid_36,0.0006
Centroid_37,0.0004222222222222222
Centroid_38,0.0003333333333333333
Centroid_39,0.0006444444444444444
Centroid_40,0.0008222222222222222
Centroid_41,0.00035555555555555557
Centroid_42,0.0006222222222222223
Centroid_43,0.0006
Centroid_44,0.0005333333333333334
Centroid_45,0.0005333333333333334
Centroid_46,0.0006666666666666666
Centroid_47,0.0007111111111111111
Centroid_48,0.0002666666666666667
Centroid_49,0.0004
Centroid_50,0.0004
Centroid_51,0.00044444444444444447
Centroid_52,0.0004222222222222222
Centroid_53,0.0006444444444444444
Centroid_54,0.0003333333333333333
Centroid_55,0.0009555555555555555
Centroid_56,0.00044444444444444447
Centroid_57,0.0006
Centroid_58,0.0004222222222222222
Centroid_59,0.0008444444444444444
Centroid_60,0.0005777777777777778
Centroid_61,0.0008
Centroid_62,0.0005555555555555556
Centroid_63,0.00035555555555555557
Centroid_64,0.0006888888888888888
Centroid_65,0.00024444444444444443
Centroid_66,0.0002666666666666667
Centroid_67,0.0003333333333333333
Centroid_68,0.00035555555555555557
Centroid_69,0.00013333333333333334
Centroid_70,0.0004222222222222222
Centroid_71,0.0007555555555555555
Centroid_72,0.0002888888888888889
Centroid_73,0.0009111111111111111
Centroid_74,0.0010888888888888888
Centroid_75,0.00044444444444444447
Centroid_76,0.00046666666666666666
Centroid_77,0.0007111111111111111
Centroid_78,8.888888888888889e-05
Centroid_79,0.0007111111111111111
Centroid_80,0.0008222222222222222
Centroid_81,0.0008666666666666666
Centroid_82,0.0008444444444444444
Centroid_83,0.0006888888888888888
Centroid_84,0.0004222222222222222
Centroid_85,0.0009333333333333333
Centroid_86,0.00011111111111111112
Centroid_87,0.0005555555555555556
Centroid_88,0.0006444444444444444
Centroid_89,0.0008444444444444444
Centroid_90,0.0003333333333333333
Centroid_91,0.00017777777777777779
Centroid_92,0.0008444444444444444
Centroid_93,0.0004
Centroid_94,0.0008888888888888889
Centroid_95,0.0005555555555555556
Centroid_96,0.0010666666666666667
Centroid_97,0.0004222222222222222
Centroid_98,0.0003111111111111111
Centroid_99,0.00011111111111111112
Centroid_100,0.0004888888888888889
Centroid_101,0.0007111111111111111
Centroid_102,0.0008666666666666666
Centroid_103,0.00015555555555555556
Centroid_104,0.0009333333333333333
Centroid_105,0.00035555555555555557
Centroid_106,0.0005111111111111112
Centroid_107,0.0007111111111111111
Centroid_108,0.0007555555555555555
Centroid_109,0.0005777777777777778
Centroid_110,0.0007333333333333333
Centroid_111,0.00011111111111111112
Centroid_112,0.0008444444444444444
Centroid_113,0.0007777777777777777
Centroid_114,0.0005333333333333334
Centroid_115,0.0006222222222222223
Centroid_116,0.0005555555555555556
Centroid_117,0.0006222222222222223
Centroid_118,0.00022222222222222223
Centroid_119,0.0002888888888888889
Centroid_120,0.0005777777777777778
Centroid_121,0.00015555555555555556
Centroid_122,0.00024444444444444443
Centroid_123,0.0006666666666666666
Centroid_124,0.0005333333333333334
Centroid_125,0.0005333333333333334
Centroid_126,0.0008222222222222222
Centroid_127,0.00013333333333333334
Centroid_128,0.0007333333333333333
Centroid_129,0.0008666666666666666
Centroid_130,0.0002888888888888889
Centroid_131,0.0006666666666666666
Centroid_132,0.0002666666666666667
Centroid_133,0.0006666666666666666
Centroid_134,0.0006888888888888888
Centroid_135,0.0002666666666666667
Centroid_136,0.0007111111111111111
Centroid_137,0.00037777777777777777
Centroid_138,8.888888888888889e-05
Centroid_139,0.001
Centroid_140,0.0005333333333333334
Centroid_141,0.0008222222222222222
Centroid_142,0.0005111111111111112
Centroid_143,0.0004222222222222222
Centroid_144,0.0006666666666666666
Centroid_145,0.0002
Centroid_146,0.0009777777777777777
Centroid_147,0.00046666666666666666
Centroid_148,0.0002666666666666667
Centroid_149,0.00024444444444444443
Centroid_150,0.0004888888888888889
Centroid_151,0.00035555555555555557
Centroid_152,0.0003333333333333333
Centroid_153,0.0004888888888888889
Centroid_154,0.0002666666666666667
Centroid_155,0.00035555555555555557
Centroid_156,0.0006444444444444444
Centroid_157,0.00015555555555555556
Centroid_158,0.0008666666666666666
Centroid_159,0.0007111111111111111
Centroid_160,0.0006666666666666666
Centroid_161,0.0008888888888888889
Centroid_162,0.0006444444444444444
Centroid_163,0.0002666666666666667
Centroid_164,0.00015555555555555556
Centroid_165,0.00015555555555555556
Centroid_166,0.0010222222222222223
Centroid_167,0.0007111111111111111
Centroid_168,0.0005555555555555556
Centroid_169,0.00017777777777777779
Centroid_170,0.0004222222222222222
Centroid_171,0.0007333333333333333
Centroid_172,0.0007333333333333333
Centroid_173,0.0005777777777777778
Centroid_174,0.0006666666666666666
Centroid_175,0.00024444444444444443
Centroid_176,0.0002666666666666667
Centroid_177,0.0002
Centroid_178,0.0007555555555555555
Centroid_179,0.0010444444444444444
Centroid_180,0.0006666666666666666
Centroid_181,0.00046666666666666666
Centroid_182,0.0009111111111111111
Centroid_183,0.0006888888888888888
Centroid_184,0.00024444444444444443
Centroid_185,0.00017777777777777779
Centroid_186,0.00044444444444444447
Centroid_187,0.0006444444444444444
Centroid_188,6.666666666666667e-05
Centroid_189,0.0004
Centroid_190,0.0006222222222222223
Centroid_191,0.0004888888888888889
Centroid_192,0.0005777777777777778
Centroid_193,0.00013333333333333334
Centroid_194,0.0004
Centroid_195,0.00015555555555555556
Centroid_196,0.00024444444444444443
Centroid_197,0.0007333333333333333
Centroid_198,0.00037777777777777777
Centroid_199,0.00046666666666666666
Centroid_200,2.2222222222222223e-05
Centroid_201,0.0008888888888888889
Centroid_202,0.0005333333333333334
Centroid_203,0.0010222222222222223
Centroid_204,0.0007111111111111111
Centroid_205,0.0004888888888888889
Centroid_206,0.0006
Centroid_207,0.0007333333333333333
Centroid_208,0.0007777777777777777
Centroid_209,8.888888888888889e-05
Centroid_210,0.0008
Centroid_211,4.4444444444444447e-05
Centroid_212,0.0005333333333333334
Centroid_213,0.0008888888888888889
Centroid_214,0.0003333333333333333
Centroid_215,0.00037777777777777777
Centroid_216,0.0007111111111111111
Centroid_217,0.0007555555555555555
Centroid_218,0.0007333333333333333
Centroid_219,0.0008
Centroid_220,0.0009333333333333333
Centroid_221,0.0005333333333333334
Centroid_222,0.0005111111111111112
Centroid_223,0.0005777777777777778
Centroid_224,0.0007777777777777777
Centroid_225,0.0005333333333333334
Centroid_226,0.0003333333333333333
Centroid_227,0.00022222222222222223
Centroid_228,0.0008444444444444444
Centroid_229,0.00015555555555555556
Centroid_230,0.0005111111111111112
Centroid_231,0.0003333333333333333
Centroid_232,0.0005777777777777778
Centroid_233,0.00046666666666666666
Centroid_234,0.0004
Centroid_235,0.00046666666666666666
Centroid_236,0.00015555555555555556
Centroid_237,0.0005111111111111112
Centroid_238,0.0009777777777777777
Centroid_239,0.0007111111111111111
Centroid_240,0.0009777777777777777
Centroid_241,0.001
Centroid_242,0.0007111111111111111
Centroid_243,0.0011333333333333334
Centroid_244,0.0002666666666666667
Centroid_245,0.00011111111111111112
Centroid_246,0.00044444444444444447
Centroid_247,0.00011111111111111112
Centroid_248,0.0006666666666666666
Centroid_249,0.0003333333333333333
Centroid_250,0.0002666666666666667
Centroid_251,0.0002666666666666667
Centroid_252,0.0006888888888888888
Centroid_253,0.0009111111111111111
Centroid_254,0.00022222222222222223
Centroid_255,0.00022222222222222223
Centroid_256,0.0004
Centroid_257,0.00017777777777777779
Centroid_258,0.00037777777777777777
Centroid_259,4.4444444444444447e-05
Centroid_260,0.00013333333333333334
Centroid_261,0.0006444444444444444
Centroid_262,0.00037777777777777777
Centroid_263,0.0002
Centroid_264,0.0006
Centroid_265,0.0004888888888888889
Centroid_266,0.0003333333333333333
Centroid_267,0.0007333333333333333
Centroid_268,0.00015555555555555556
Centroid_269,0.0007333333333333333
Centroid_270,0.00013333333333333334
Centroid_271,0.0010666666666666667
Centroid_272,0.00017777777777777779
Centroid_273,0.0006444444444444444
Centroid_274,0.0002
Centroid_275,0.0005333333333333334
Centroid_276,0.0002666666666666667
Centroid_277,0.0006222222222222223
Centroid_278,4.4444444444444447e-05
Centroid_279,0.0004888888888888889
Centroid_280,0.0004888888888888889
Centroid_281,0.0008888888888888889
Centroid_282,0.0004222222222222222
Centroid_283,0.0008666666666666666
Centroid_284,0.0012
Centroid_285,0.0005111111111111112
Centroid_286,0.00037777777777777777
Centroid_287,0.0006444444444444444
Centroid_288,8.888888888888889e-05
Centroid_289,0.0006888888888888888
Centroid_290,0.0006666666666666666
Centroid_291,0.0002888888888888889
Centroid_292,0.0005777777777777778
Centroid_293,0.0006
Centroid_294,0.0007777777777777777
Centroid_295,0.00024444444444444443
Centroid_296,0.0005555555555555556
Centroid_297,0.00022222222222222223
Centroid_298,0.0006222222222222223
Centroid_299,0.0006
Centroid_300,4.4444444444444447e-05
Centroid_301,0.0004888888888888889
Centroid_302,0.0008888888888888889
Centroid_303,0.0006
Centroid_304,0.0002888888888888889
Centroid_305,0.00015555555555555556
Centroid_306,0.00013333333333333334
Centroid_307,0.0009333333333333333
Centroid_308,4.4444444444444447e-05
Centroid_309,0.0008222222222222222
Centroid_310,0.0007111111111111111
Centroid_311,0.0007111111111111111
Centroid_312,0.001
Centroid_313,0.0009777777777777777
Centroid_314,0.00044444444444444447
Centroid_315,0.00013333333333333334
Centroid_316,0.0007111111111111111
Centroid_317,0.0006444444444444444
Centroid_318,0.0004
Centroid_319,4.4444444444444447e-05
Centroid_320,0.0006
Centroid_321,0.0006666666666666666
Centroid_322,0.00013333333333333334
Centroid_323,0.001
Centroid_324,0.0008
Centroid_325,0.0005555555555555556
Centroid_326,0.0006888888888888888
Centroid_327,0.0008666666666666666
Centroid_328,0.0004
Centroid_329,0.0009111111111111111
Centroid_330,6.666666666666667e-05
Centroid_331,0.0009555555555555555
Centroid_332,0.0006222222222222223
Centroid_333,0.0007111111111111111
Centroid_334,0.0002
Centroid_335,0.00046666666666666666
Centroid_336,0.0006222222222222223
Centroid_337,0.00015555555555555556
Centroid_338,0.0008
Centroid_339,0.0002888888888888889
Centroid_340,0.0009555555555555555
Centroid_341,0.0008888888888888889
Centroid_342,0.0006888888888888888
Centroid_343,0.00037777777777777777
Centroid_344,0.0008888888888888889
Centroid_345,0.0003333333333333333
Centroid_346,0.00046666666666666666
Centroid_347,0.0008444444444444444
Centroid_348,0.0007111111111111111
Centroid_349,0.0004888888888888889
Centroid_350,0.0008666666666666666
Centroid_351,0.00017777777777777779
Centroid_352,0.0004
Centroid_353,4.4444444444444447e-05
Centroid_354,0.0008444444444444444
Centroid_355,0.0013333333333333333
Centroid_356,0.00015555555555555556
Centroid_357,0.00035555555555555557
Centroid_358,0.0007777777777777777
Centroid_359,0.0008222222222222222
Centroid_360,0.0006888888888888888
Centroid_361,0.00044444444444444447
Centroid_362,0.0006
Centroid_363,0.0003111111111111111
Centroid_364,0.0011111111111111111
Centroid_365,0.0006222222222222223
Centroid_366,0.00022222222222222223
Centroid_367,0.0005333333333333334
Centroid_368,0.0006666666666666666
Centroid_369,0.0006222222222222223
Centroid_370,0.0008
Centroid_371,0.0006222222222222223
Centroid_372,0.0005111111111111112
Centroid_373,0.0004222222222222222
Centroid_374,0.0004888888888888889
Centroid_375,0.0003333333333333333
Centroid_376,0.0008444444444444444
Centroid_377,0.0008222222222222222
Centroid_378,0.0005333333333333334
Centroid_379,0.0003111111111111111
Centroid_380,0.00037777777777777777
Centroid_381,0.0003333333333333333
Centroid_382,0.0009333333333333333
Centroid_383,0.0004888888888888889
Centroid_384,0.0003333333333333333
Centroid_385,0.0006222222222222223
Centroid_386,0.0006666666666666666
Centroid_387,0.0005333333333333334
Centroid_388,0.0007777777777777777
Centroid_389,0.0003111111111111111
Centroid_390,0.0013333333333333333
Centroid_391,0.0005111111111111112
Centroid_392,0.0006666666666666666
Centroid_393,4.4444444444444447e-05
Centroid_394,0.0005555555555555556
Centroid_395,0.0006222222222222223
Centroid_396,0.0003111111111111111
Centroid_397,0.0002888888888888889
Centroid_398,0.00013333333333333334
Centroid_399,0.0004222222222222222
Centroid_400,0.0008222222222222222
Centroid_401,0.0006222222222222223
Centroid_402,0.0007555555555555555
Centroid_403,0.0004
Centroid_404,0.00044444444444444447
Centroid_405,0.0007333333333333333
Centroid_406,0.00024444444444444443
Centroid_407,0.00024444444444444443
Centroid_408,0.0004222222222222222
Centroid_409,0.0004888888888888889
Centroid_410,0.0005333333333333334
Centroid_411,0.0008222222222222222
Centroid_412,0.00015555555555555556
Centroid_413,0.0008
Centroid_414,8.888888888888889e-05
Centroid_415,0.00037777777777777777
Centroid_416,0.0007111111111111111
Centroid_417,0.0002
Centroid_418,0.00037777777777777777
Centroid_419,0.00024444444444444443
Centroid_420,0.0003333333333333333
Centroid_421,0.0008222222222222222
Centroid_422,0.0002
Centroid_423,0.0004888888888888889
Centroid_424,0.0005111111111111112
Centroid_425,0.0004222222222222222
Centroid_426,0.0006888888888888888
Centroid_427,0.00017777777777777779
Centroid_428,0.0007555555555555555
Centroid_429,0.00011111111111111112
Centroid_430,0.0003111111111111111
Centroid_431,0.0006888888888888888
Centroid_432,0.0007333333333333333
Centroid_433,0.00013333333333333334
Centroid_434,0.0007555555555555555
Centroid_435,8.888888888888889e-05
Centroid_436,0.0007555555555555555
Centroid_437,0.0002888888888888889
Centroid_438,0.0007333333333333333
Centroid_439,0.0005111111111111112
Centroid_440,0.00037777777777777777
Centroid_441,0.001
Centroid_442,0.0006444444444444444
Centroid_443,0.0005555555555555556
Centroid_444,0.0005777777777777778
Centroid_445,0.00037777777777777777
Centroid_446,0.00037777777777777777
Centroid_447,0.0006
Centroid_448,0.00015555555555555556
Centroid_449,0.0006222222222222223
Centroid_450,0.00022222222222222223
Centroid_451,0.0007555555555555555
Centroid_452,0.00013333333333333334
Centroid_453,0.0007333333333333333
Centroid_454,0.00015555555555555556
Centroid_455,0.00044444444444444447
Centroid_456,0.0004888888888888889
Centroid_457,0.0005111111111111112
Centroid_458,0.00035555555555555557
Centroid_459,0.0005555555555555556
Centroid_460,0.0003111111111111111
Centroid_461,0.0004222222222222222
Centroid_462,0.0009111111111111111
Centroid_463,0.0006666666666666666
Centroid_464,0.0007111111111111111
Centroid_465,0.0002888888888888889
Centroid_466,0.0006444444444444444
Centroid_467,0.0008
Centroid_468,0.00013333333333333334
Centroid_469,0.0009111111111111111
Centroid_470,0.0009777777777777777
Centroid_471,0.0004
Centroid_472,0.00015555555555555556
Centroid_473,0.0008888888888888889
Centroid_474,0.00037777777777777777
Centroid_475,0.0006666666666666666
Centroid_476,0.0004222222222222222
Centroid_477,0.0006888888888888888
Centroid_478,0.0007777777777777777
Centroid_479,0.00024444444444444443
Centroid_480,0.00013333333333333334
Centroid_481,0.00046666666666666666
Centroid_482,0.00037777777777777777
Centroid_483,0.00013333333333333334
Centroid_484,0.0010888888888888888
Centroid_485,0.0005555555555555556
Centroid_486,0.0004222222222222222
Centroid_487,0.00037777777777777777
Centroid_488,0.0005555555555555556
Centroid_489,0.0007111111111111111
Centroid_490,0.00035555555555555557
Centroid_491,0.0006888888888888888
Centroid_492,0.0008444444444444444
Centroid_493,0.0008444444444444444
Centroid_494,0.0007777777777777777
Centroid_495,0.00011111111111111112
Centroid_496,0.0005111111111111112
Centroid_497,0.00017777777777777779
Centroid_498,0.001
Centroid_499,0.0008
Centroid_500,0.0005333333333333334
Centroid_501,0.0006222222222222223
Centroid_502,4.4444444444444447e-05
Centroid_503,0.00044444444444444447
Centroid_504,0.0005777777777777778
Centroid_505,0.00044444444444444447
Centroid_506,0.0002888888888888889
Centroid_507,0.00044444444444444447
Centroid_508,0.0009777777777777777
Centroid_509,0.0009111111111111111
Centroid_510,0.0006888888888888888
Centroid_511,0.0009555555555555555
Centroid_512,0.0006888888888888888
Centroid_513,0.0003111111111111111
Centroid_514,0.0006222222222222223
Centroid_515,4.4444444444444447e-05
Centroid_516,0.00037777777777777777
Centroid_517,0.0005111111111111112
Centroid_518,0.0005777777777777778
Centroid_519,0.0003333333333333333
Centroid_520,0.0009777777777777777
Centroid_521,0.0008
Centroid_522,4.4444444444444447e-05
Centroid_523,0.0005111111111111112
Centroid_524,0.00017777777777777779
Centroid_525,0.0003111111111111111
Centroid_526,0.0009333333333333333
Centroid_527,0.0007333333333333333
Centroid_528,0.00046666666666666666
Centroid_529,0.0008222222222222222
Centroid_530,0.00022222222222222223
Centroid_531,0.0006444444444444444
Centroid_532,0.00017777777777777779
Centroid_533,0.0006
Centroid_534,0.0007777777777777777
Centroid_535,0.0007555555555555555
Centroid_536,0.0005333333333333334
Centroid_537,0.00044444444444444447
Centroid_538,0.00013333333333333334
Centroid_539,0.0007555555555555555
Centroid_540,0.00024444444444444443
Centroid_541,0.0007777777777777777
Centroid_542,0.0005777777777777778
Centroid_543,0.0004
Centroid_544,0.0005555555555555556
Centroid_545,0.00013333333333333334
Centroid_546,0.00046666666666666666
Centroid_547,0.00024444444444444443
Centroid_548,0.0002
Centroid_549,0.0006
Centroid_550,0.0003111111111111111
Centroid_551,4.4444444444444447e-05
Centroid_552,0.0005111111111111112
Centroid_553,0.00035555555555555557
Centroid_554,0.0003333333333333333
Centroid_555,0.0002666666666666667
Centroid_556,0.00037777777777777777
Centroid_557,0.0007333333333333333
Centroid_558,0.0007777777777777777
Centroid_559,0.0008
Centroid_560,0.0004
Centroid_561,0.0005111111111111112
Centroid_562,0.0005111111111111112
Centroid_563,0.0006222222222222223
Centroid_564,0.0009555555555555555
Centroid_565,0.0009111111111111111
Centroid_566,0.0005111111111111112
Centroid_567,0.00037777777777777777
Centroid_568,0.0006888888888888888
Centroid_569,0.0007111111111111111
Centroid_570,0.0004888888888888889
Centroid_571,0.0008888888888888889
Centroid_572,0.0006222222222222223
Centroid_573,0.00015555555555555556
Centroid_574,0.00011111111111111112
Centroid_575,0.0004
Centroid_576,0.0003111111111111111
Centroid_577,0.00035555555555555557
Centroid_578,0.0009333333333333333
Centroid_579,0.0005111111111111112
Centroid_580,6.666666666666667e-05
Centroid_581,0.0005333333333333334
Centroid_582,0.0005555555555555556
Centroid_583,0.00017777777777777779
Centroid_584,0.00013333333333333334
Centroid_585,0.0007555555555555555
Centroid_586,0.00035555555555555557
Centroid_587,0.0003111111111111111
Centroid_588,0.0004888888888888889
Centroid_589,0.0004222222222222222
Centroid_590,0.00013333333333333334
Centroid_591,0.0006222222222222223
Centroid_592,8.888888888888889e-05
Centroid_593,0.00037777777777777777
Centroid_594,0.00037777777777777777
Centroid_595,0.0006222222222222223
Centroid_596,0.00044444444444444447
Centroid_597,0.0005333333333333334
Centroid_598,0.00046666666666666666
Centroid_599,0.001
Centroid_600,0.0005333333333333334
Centroid_601,0.0002666666666666667
Centroid_602,0.0007333333333333333
Centroid_603,0.00013333333333333334
Centroid_604,0.0006444444444444444
Centroid_605,0.0007111111111111111
Centroid_606,0.0008
Centroid_607,0.0006
Centroid_608,0.0002888888888888889
Centroid_609,0.00046666666666666666
Centroid_610,0.0003111111111111111
Centroid_611,0.0002
Centroid_612,0.0002666666666666667
Centroid_613,0.0004222222222222222
Centroid_614,0.00037777777777777777
Centroid_615,0.00011111111111111112
Centroid_616,0.0007555555555555555
Centroid_617,0.0005111111111111112
Centroid_618,0.0007333333333333333
Centroid_619,0.0005111111111111112
Centroid_620,0.0005333333333333334
Centroid_621,0.0006666666666666666
Centroid_622,0.00017777777777777779
Centroid_623,0.0002666666666666667
Centroid_624,0.0006222222222222223
Centroid_625,0.0005777777777777778
Centroid_626,0.0005111111111111112
Centroid_627,0.0006
Centroid_628,0.0002888888888888889
Centroid_629,0.0003111111111111111
Centroid_630,0.0006888888888888888
Centroid_631,6.666666666666667e-05
Centroid_632,0.00011111111111111112
Centroid_633,0.0006222222222222223
Centroid_634,0.0002
Centroid_635,0.0005777777777777778
Centroid_636,0.0005777777777777778
Centroid_637,0.0006666666666666666
Centroid_638,0.0007555555555555555
Centroid_639,0.00035555555555555557
Centroid_640,0.0007333333333333333
Centroid_641,0.0006444444444444444
Centroid_642,0.0005777777777777778
Centroid_643,0.0002
Centroid_644,0.00015555555555555556
Centroid_645,0.0003111111111111111
Centroid_646,0.0009555555555555555
Centroid_647,0.0004888888888888889
Centroid_648,0.0006222222222222223
Centroid_649,0.0007777777777777777
Centroid_650,0.0006
Centroid_651,0.0004888888888888889
Centroid_652,0.0003111111111111111
Centroid_653,0.0005777777777777778
Centroid_654,0.0006222222222222223
Centroid_655,0.0004222222222222222
Centroid_656,0.0004888888888888889
Centroid_657,0.00046666666666666666
Centroid_658,0.00035555555555555557
Centroid_659,0.0008888888888888889
Centroid_660,0.0004888888888888889
Centroid_661,0.00037777777777777777
Centroid_662,0.0006
Centroid_663,0.00035555555555555557
Centroid_664,0.0006444444444444444
Centroid_665,0.0009333333333333333
Centroid_666,0.0005555555555555556
Centroid_667,0.0004888888888888889
Centroid_668,0.0002888888888888889
Centroid_669,8.888888888888889e-05
Centroid_670,0.00013333333333333334
Centroid_671,0.0002888888888888889
Centroid_672,0.0003333333333333333
Centroid_673,0.0007777777777777777
Centroid_674,0.0007111111111111111
Centroid_675,0.00037777777777777777
Centroid_676,0.00044444444444444447
Centroid_677,0.0005111111111111112
Centroid_678,0.00044444444444444447
Centroid_679,0.0002888888888888889
Centroid_680,0.0007111111111111111
Centroid_681,0.0004222222222222222
Centroid_682,0.0007111111111111111
Centroid_683,0.0006
Centroid_684,0.0004
Centroid_685,0.0005777777777777778
Centroid_686,0.0006222222222222223
Centroid_687,0.0006222222222222223
Centroid_688,0.0005333333333333334
Centroid_689,0.0004222222222222222
Centroid_690,0.0005111111111111112
Centroid_691,0.0003111111111111111
Centroid_692,0.0007555555555555555
Centroid_693,0.00015555555555555556
Centroid_694,0.00024444444444444443
Centroid_695,0.0008
Centroid_696,0.00046666666666666666
Centroid_697,0.0007111111111111111
Centroid_698,0.00022222222222222223
Centroid_699,0.0003111111111111111
Centroid_700,0.00022222222222222223
Centroid_701,0.0008
Centroid_702,0.0004888888888888889
Centroid_703,0.0007111111111111111
Centroid_704,0.0008666666666666666
Centroid_705,0.0004888888888888889
Centroid_706,0.0006
Centroid_707,0.0007111111111111111
Centroid_708,0.00022222222222222223
Centroid_709,0.0005777777777777778
Centroid_710,4.4444444444444447e-05
Centroid_711,0.0008
Centroid_712,6.666666666666667e-05
Centroid_713,0.0008
Centroid_714,0.0005555555555555556
Centroid_715,0.0006
Centroid_716,0.00024444444444444443
Centroid_717,0.0006222222222222223
Centroid_718,0.00035555555555555557
Centroid_719,0.0005555555555555556
Centroid_720,0.0003333333333333333
Centroid_721,0.0006888888888888888
Centroid_722,0.0009777777777777777
Centroid_723,0.0009777777777777777
Centroid_724,0.0002
Centroid_725,0.0002888888888888889
Centroid_726,0.0007333333333333333
Centroid_727,0.0007555555555555555
Centroid_728,0.0008444444444444444
Centroid_729,0.0004888888888888889
Centroid_730,0.0010222222222222223
Centroid_731,0.0006
Centroid_732,0.0007777777777777777
Centroid_733,0.0008
Centroid_734,0.0004222222222222222
Centroid_735,0.00037777777777777777
Centroid_736,0.0006888888888888888
Centroid_737,0.0006888888888888888
Centroid_738,0.0007111111111111111
Centroid_739,0.0007333333333333333
Centroid_740,0.0006
Centroid_741,0.0004888888888888889
Centroid_742,0.0007777777777777777
Centroid_743,0.0007555555555555555
Centroid_744,0.00044444444444444447
Centroid_745,6.666666666666667e-05
Centroid_746,0.0006222222222222223
Centroid_747,2.2222222222222223e-05
Centroid_748,0.00022222222222222223
Centroid_749,0.0009333333333333333
Centroid_750,0.0003333333333333333
Centroid_751,0.00024444444444444443
Centroid_752,0.0005777777777777778
Centroid_753,0.0009777777777777777
Centroid_754,0.00017777777777777779
Centroid_755,0.00017777777777777779
Centroid_756,0.0005777777777777778
Centroid_757,0.0005555555555555556
Centroid_758,0.0002888888888888889
Centroid_759,0.0007111111111111111
Centroid_760,0.00013333333333333334
Centroid_761,0.0007555555555555555
Centroid_762,0.00046666666666666666
Centroid_763,0.0004
Centroid_764,0.0006444444444444444
Centroid_765,0.0004888888888888889
Centroid_766,6.666666666666667e-05
Centroid_767,0.0007777777777777777
Centroid_768,0.0007111111111111111
Centroid_769,0.0008888888888888889
Centroid_770,0.00037777777777777777
Centroid_771,4.4444444444444447e-05
Centroid_772,0.0010222222222222223
Centroid_773,0.00022222222222222223
Centroid_774,0.0004888888888888889
Centroid_775,0.0005777777777777778
Centroid_776,0.0003333333333333333
Centroid_777,0.0005111111111111112
Centroid_778,0.0009333333333333333
Centroid_779,0.0010222222222222223
Centroid_780,0.0002888888888888889
Centroid_781,0.0008
Centroid_782,0.0006444444444444444
Centroid_783,0.0006888888888888888
Centroid_784,0.00035555555555555557
Centroid_785,0.0008
Centroid_786,0.0007555555555555555
Centroid_787,0.00022222222222222223
Centroid_788,0.0005777777777777778
Centroid_789,0.0006
Centroid_790,0.0008444444444444444
Centroid_791,8.888888888888889e-05
Centroid_792,0.00015555555555555556
Centroid_793,0.0006222222222222223
Centroid_794,0.0004
Centroid_795,6.666666666666667e-05
Centroid_796,0.00017777777777777779
Centroid_797,0.0006
Centroid_798,0.0003111111111111111
Centroid_799,2.2222222222222223e-05
Centroid_800,0.00015555555555555556
Centroid_801,0.0004222222222222222
Centroid_802,0.0002888888888888889
Centroid_803,0.0009555555555555555
Centroid_804,0.00013333333333333334
Centroid_805,0.0004888888888888889
Centroid_806,0.0009111111111111111
Centroid_807,0.0006222222222222223
Centroid_808,0.0007333333333333333
Centroid_809,0.00017777777777777779
Centroid_810,0.0002666666666666667
Centroid_811,0.0011333333333333334
Centroid_812,8.888888888888889e-05
Centroid_813,0.0005333333333333334
Centroid_814,0.00046666666666666666
Centroid_815,0.001
Centroid_816,0.0008222222222222222
Centroid_817,0.0003111111111111111
Centroid_818,0.0005333333333333334
Centroid_819,0.0006666666666666666
Centroid_820,0.0007111111111111111
Centroid_821,0.0007111111111111111
Centroid_822,0.00022222222222222223
Centroid_823,0.0006888888888888888
Centroid_824,0.0006888888888888888
Centroid_825,0.00013333333333333334
Centroid_826,0.0004222222222222222
Centroid_827,0.00035555555555555557
Centroid_828,0.00011111111111111112
Centroid_829,0.0004222222222222222
Centroid_830,0.0003111111111111111
Centroid_831,0.0008222222222222222
Centroid_832,0.0007111111111111111
Centroid_833,0.0007111111111111111
Centroid_834,0.00035555555555555557
Centroid_835,0.0009555555555555555
Centroid_836,0.0005555555555555556
Centroid_837,0.0006
Centroid_838,0.0009777777777777777
Centroid_839,0.00015555555555555556
Centroid_840,0.0004888888888888889
Centroid_841,0.0005333333333333334
Centroid_842,0.0007333333333333333
Centroid_843,0.0008444444444444444
Centroid_844,0.0010444444444444444
Centroid_845,0.0002
Centroid_846,0.0006888888888888888
Centroid_847,4.4444444444444447e-05
Centroid_848,0.0002666666666666667
Centroid_849,0.0004222222222222222
Centroid_850,0.00035555555555555557
Centroid_851,0.0007555555555555555
Centroid_852,0.0003111111111111111
Centroid_853,4.4444444444444447e-05
Centroid_854,0.0006444444444444444
Centroid_855,0.00035555555555555557
Centroid_856,0.0006222222222222223
Centroid_857,0.0004888888888888889
Centroid_858,0.0007555555555555555
Centroid_859,0.0004
Centroid_860,0.0006888888888888888
Centroid_861,0.0006
Centroid_862,0.00035555555555555557
Centroid_863,0.00037777777777777777
Centroid_864,0.0008222222222222222
Centroid_865,0.0006
Centroid_866,0.00015555555555555556
Centroid_867,0.0007111111111111111
Centroid_868,0.0004222222222222222
Centroid_869,0.0005777777777777778
Centroid_870,0.0007333333333333333
Centroid_871,0.0004222222222222222
Centroid_872,8.888888888888889e-05
Centroid_873,0.00037777777777777777
Centroid_874,0.0002888888888888889
Centroid_875,0.0007777777777777777
Centroid_876,0.0005555555555555556
Centroid_877,0.0007555555555555555
Centroid_878,0.0006
Centroid_879,0.0003111111111111111
Centroid_880,0.0004
Centroid_881,8.888888888888889e-05
Centroid_882,0.001
Centroid_883,0.0004
Centroid_884,0.00011111111111111112
Centroid_885,0.00013333333333333334
Centroid_886,0.0005555555555555556
Centroid_887,0.00044444444444444447
Centroid_888,0.0006444444444444444
Centroid_889,0.0005777777777777778
Centroid_890,0.00046666666666666666
Centroid_891,0.0008222222222222222
Centroid_892,0.0006888888888888888
Centroid_893,0.00024444444444444443
Centroid_894,0.00044444444444444447
Centroid_895,0.00011111111111111112
Centroid_896,0.00046666666666666666
Centroid_897,0.0006222222222222223
Centroid_898,0.00046666666666666666
Centroid_899,0.0006
Centroid_900,0.0006444444444444444
Centroid_901,8.888888888888889e-05
Centroid_902,0.0004
Centroid_903,0.00044444444444444447
Centroid_904,0.0006
Centroid_905,0.0005777777777777778
Centroid_906,8.888888888888889e-05
Centroid_907,0.0007111111111111111
Centroid_908,0.00015555555555555556
Centroid_909,0.0009333333333333333
Centroid_910,0.0005333333333333334
Centroid_911,0.00037777777777777777
Centroid_912,0.0002
Centroid_913,4.4444444444444447e-05
Centroid_914,0.0002
Centroid_915,0.0006888888888888888
Centroid_916,0.0007777777777777777
Centroid_917,0.00015555555555555556
Centroid_918,0.00022222222222222223
Centroid_919,4.4444444444444447e-05
Centroid_920,0.0008
Centroid_921,0.00035555555555555557
Centroid_922,0.0005333333333333334
Centroid_923,0.00035555555555555557
Centroid_924,0.00035555555555555557
Centroid_925,0.0003111111111111111
Centroid_926,0.0005333333333333334
Centroid_927,0.0006666666666666666
Centroid_928,0.0002
Centroid_929,0.0002888888888888889
Centroid_930,0.00037777777777777777
Centroid_931,0.0005555555555555556
Centroid_932,0.0004
Centroid_933,0.00024444444444444443
Centroid_934,0.00015555555555555556
Centroid_935,0.0009777777777777777
Centroid_936,0.00024444444444444443
Centroid_937,0.0004222222222222222
Centroid_938,0.0005111111111111112
Centroid_939,0.0004222222222222222
Centroid_940,0.0008888888888888889
Centroid_941,0.0008888888888888889
Centroid_942,8.888888888888889e-05
Centroid_943,0.0009333333333333333
Centroid_944,0.0009111111111111111
Centroid_945,0.0005777777777777778
Centroid_946,0.00044444444444444447
Centroid_947,0.0011111111111111111
Centroid_948,0.0007111111111111111
Centroid_949,6.666666666666667e-05
Centroid_950,0.0005333333333333334
Centroid_951,0.00017777777777777779
Centroid_952,0.0007333333333333333
Centroid_953,0.0002888888888888889
Centroid_954,0.0008
Centroid_955,0.0006
Centroid_956,0.0003333333333333333
Centroid_957,0.0006444444444444444
Centroid_958,6.666666666666667e-05
Centroid_959,0.0006222222222222223
Centroid_960,0.001
Centroid_961,0.0007111111111111111
Centroid_962,0.0008
Centroid_963,0.0002888888888888889
Centroid_964,0.0006888888888888888
Centroid_965,0.00035555555555555557
Centroid_966,0.0006
Centroid_967,0.0004222222222222222
Centroid_968,0.00046666666666666666
Centroid_969,0.0004222222222222222
Centroid_970,8.888888888888889e-05
Centroid_971,0.0005555555555555556
Centroid_972,0.0008444444444444444
Centroid_973,0.0008
Centroid_974,0.0006888888888888888
Centroid_975,0.0008666666666666666
Centroid_976,0.0009333333333333333
Centroid_977,0.0005777777777777778
Centroid_978,0.0007111111111111111
Centroid_979,0.0008666666666666666
Centroid_980,0.00035555555555555557
Centroid_981,0.00037777777777777777
Centroid_982,4.4444444444444447e-05
Centroid_983,0.0008888888888888889
Centroid_984,0.00011111111111111112
Centroid_985,0.0007555555555555555
Centroid_986,0.0006444444444444444
Centroid_987,0.0005777777777777778
Centroid_988,0.0005555555555555556
Centroid_989,0.0006888888888888888
Centroid_990,0.0009555555555555555
Centroid_991,6.666666666666667e-05
Centroid_992,0.0006222222222222223
Centroid_993,0.00015555555555555556
Centroid_994,0.00044444444444444447
Centroid_995,0.0006666666666666666
Centroid_996,0.0005333333333333334
Centroid_997,0.00037777777777777777
Centroid_998,0.0008666666666666666
Centroid_999,0.0007333333333333333
Centroid_1000,0.0005333333333333334
Centroid_1001,0.0005333333333333334
Centroid_1002,0.0008444444444444444
Centroid_1003,0.0004
Centroid_1004,0.00017777777777777779
Centroid_1005,0.0005777777777777778
Centroid_1006,0.00015555555555555556
Centroid_1007,0.0006222222222222223
Centroid_1008,0.00044444444444444447
Centroid_1009,0.00015555555555555556
Centroid_1010,6.666666666666667e-05
Centroid_1011,0.0005555555555555556
Centroid_1012,0.0007111111111111111
Centroid_1013,0.0007777777777777777
Centroid_1014,0.0005333333333333334
Centroid_1015,0.0006666666666666666
Centroid_1016,0.0004222222222222222
Centroid_1017,0.00035555555555555557
Centroid_1018,0.00035555555555555557
Centroid_1019,0.0004888888888888889
Centroid_1020,0.0004222222222222222
Centroid_1021,0.0006222222222222223
Centroid_1022,0.00035555555555555557
Centroid_1023,0.0006222222222222223
Centroid_1024,0.0006888888888888888
Centroid_1025,0.0005111111111111112
Centroid_1026,0.0007111111111111111
Centroid_1027,0.00035555555555555557
Centroid_1028,0.0004
Centroid_1029,0.0008222222222222222
Centroid_1030,0.0007111111111111111
Centroid_1031,0.0005111111111111112
Centroid_1032,4.4444444444444447e-05
Centroid_1033,0.00017777777777777779
Centroid_1034,0.00044444444444444447
Centroid_1035,0.0008888888888888889
Centroid_1036,0.00035555555555555557
Centroid_1037,0.00017777777777777779
Centroid_1038,0.00011111111111111112
Centroid_1039,0.00037777777777777777
Centroid_1040,0.0005333333333333334
Centroid_1041,8.888888888888889e-05
Centroid_1042,0.0007333333333333333
Centroid_1043,0.0005111111111111112
Centroid_1044,0.0008
Centroid_1045,0.0004222222222222222
Centroid_1046,0.0005555555555555556
Centroid_1047,0.0005777777777777778
Centroid_1048,0.0006888888888888888
Centroid_1049,0.0005555555555555556
Centroid_1050,0.0004888888888888889
Centroid_1051,0.0008222222222222222
Centroid_1052,0.0003111111111111111
Centroid_1053,0.0008222222222222222
Centroid_1054,0.0004888888888888889
Centroid_1055,0.0006444444444444444
Centroid_1056,0.0006
Centroid_1057,0.0007333333333333333
Centroid_1058,0.0007333333333333333
Centroid_1059,6.666666666666667e-05
Centroid_1060,0.0007555555555555555
Centroid_1061,0.0006444444444444444
Centroid_1062,0.0006444444444444444
Centroid_1063,0.0006444444444444444
Centroid_1064,0.0009555555555555555
Centroid_1065,0.0007777777777777777
Centroid_1066,0.0005777777777777778
Centroid_1067,0.00011111111111111112
Centroid_1068,0.0004888888888888889
Centroid_1069,0.0004888888888888889
Centroid_1070,0.0002888888888888889
Centroid_1071,0.0003111111111111111
Centroid_1072,0.0012444444444444445
Centroid_1073,0.00017777777777777779
Centroid_1074,0.00017777777777777779
Centroid_1075,0.00037777777777777777
Centroid_1076,0.0006
Centroid_1077,0.0005333333333333334
Centroid_1078,0.0005555555555555556
Centroid_1079,0.00035555555555555557
Centroid_1080,0.0002888888888888889
Centroid_1081,0.0007111111111111111
Centroid_1082,0.0005111111111111112
Centroid_1083,0.00037777777777777777
Centroid_1084,0.0004888888888888889
Centroid_1085,0.0008222222222222222
Centroid_1086,0.00044444444444444447
Centroid_1087,0.0008
Centroid_1088,0.0003333333333333333
Centroid_1089,0.001
Centroid_1090,0.0004222222222222222
Centroid_1091,0.0004222222222222222
Centroid_1092,8.888888888888889e-05
Centroid_1093,0.0008
Centroid_1094,0.0009777777777777777
Centroid_1095,0.0008666666666666666
Centroid_1096,0.00013333333333333334
Centroid_1097,0.00046666666666666666
Centroid_1098,0.0009111111111111111
Centroid_1099,0.00044444444444444447
Centroid_1100,0.00011111111111111112
Centroid_1101,0.0008888888888888889
Centroid_1102,0.0003111111111111111
Centroid_1103,0.0009555555555555555
Centroid_1104,0.0006666666666666666
Centroid_1105,4.4444444444444447e-05
Centroid_1106,0.0004222222222222222
Centroid_1107,0.0003333333333333333
Centroid_1108,0.0005111111111111112
Centroid_1109,0.0005777777777777778
Centroid_1110,0.00044444444444444447
Centroid_1111,0.0004222222222222222
Centroid_1112,0.0002
Centroid_1113,0.0005333333333333334
Centroid_1114,0.00011111111111111112
Centroid_1115,0.0011777777777777778
Centroid_1116,0.0002
Centroid_1117,0.0006888888888888888
Centroid_1118,0.0010666666666666667
Centroid_1119,0.0003111111111111111
Centroid_1120,0.0002
Centroid_1121,0.00037777777777777777
Centroid_1122,0.0005777777777777778
Centroid_1123,0.0005333333333333334
Centroid_1124,0.0006444444444444444
Centroid_1125,0.001
Centroid_1126,0.0003333333333333333
Centroid_1127,0.00037777777777777777
Centroid_1128,0.0006444444444444444
Centroid_1129,8.888888888888889e-05
Centroid_1130,0.00044444444444444447
Centroid_1131,0.0006222222222222223
Centroid_1132,0.0011555555555555555
Centroid_1133,0.0007777777777777777
Centroid_1134,0.0002
Centroid_1135,0.0003111111111111111
Centroid_1136,0.0006222222222222223
Centroid_1137,0.00011111111111111112
Centroid_1138,0.0007777777777777777
Centroid_1139,0.0003333333333333333
Centroid_1140,0.0006222222222222223
Centroid_1141,0.0008666666666666666
Centroid_1142,0.0009333333333333333
Centroid_1143,0.0004
Centroid_1144,0.0004222222222222222
Centroid_1145,6.666666666666667e-05
Centroid_1146,0.0006
Centroid_1147,0.0009111111111111111
Centroid_1148,0.0002888888888888889
Centroid_1149,0.0006222222222222223
Centroid_1150,0.00044444444444444447
Centroid_1151,0.0006444444444444444
Centroid_1152,0.0006666666666666666
Centroid_1153,0.0003333333333333333
Centroid_1154,0.0006444444444444444
Centroid_1155,0.00022222222222222223
Centroid_1156,0.0007111111111111111
Centroid_1157,0.00011111111111111112
Centroid_1158,0.0002
Centroid_1159,0.0006666666666666666
Centroid_1160,0.001
Centroid_1161,0.0005777777777777778
Centroid_1162,0.0008
Centroid_1163,0.0005555555555555556
Centroid_1164,0.0005111111111111112
Centroid_1165,0.0003111111111111111
Centroid_1166,0.0003333333333333333
Centroid_1167,0.00044444444444444447
Centroid_1168,0.0005777777777777778
Centroid_1169,0.0006666666666666666
Centroid_1170,0.0005777777777777778
Centroid_1171,0.0007777777777777777
Centroid_1172,0.0005555555555555556
Centroid_1173,0.0009111111111111111
Centroid_1174,0.00011111111111111112
Centroid_1175,0.0005111111111111112
Centroid_1176,0.0005111111111111112
Centroid_1177,0.00013333333333333334
Centroid_1178,0.00044444444444444447
Centroid_1179,6.666666666666667e-05
Centroid_1180,0.0007333333333333333
Centroid_1181,0.0006444444444444444
Centroid_1182,0.0005111111111111112
Centroid_1183,0.0003333333333333333
Centroid_1184,0.00024444444444444443
Centroid_1185,0.0005111111111111112
Centroid_1186,0.0006222222222222223
Centroid_1187,0.0004888888888888889
Centroid_1188,0.0008666666666666666
Centroid_1189,0.0006888888888888888
Centroid_1190,0.0008888888888888889
Centroid_1191,0.0006888888888888888
Centroid_1192,0.0006666666666666666
Centroid_1193,0.0003333333333333333
Centroid_1194,0.0004222222222222222
Centroid_1195,0.00022222222222222223
Centroid_1196,0.0006666666666666666
Centroid_1197,0.0003333333333333333
Centroid_1198,0.0006222222222222223
Centroid_1199,0.00011111111111111112
Centroid_1200,0.0006444444444444444
Centroid_1201,0.0007555555555555555
Centroid_1202,0.0006222222222222223
Centroid_1203,0.0004222222222222222
Centroid_1204,0.0007111111111111111
Centroid_1205,0.0002888888888888889
Centroid_1206,0.0003111111111111111
Centroid_1207,0.00022222222222222223
Centroid_1208,0.0006444444444444444
Centroid_1209,0.00022222222222222223
Centroid_1210,0.0007777777777777777
Centroid_1211,0.0007777777777777777
Centroid_1212,0.0005777777777777778
Centroid_1213,0.0002666666666666667
Centroid_1214,4.4444444444444447e-05
Centroid_1215,0.00017777777777777779
Centroid_1216,0.0004888888888888889
Centroid_1217,0.0005333333333333334
Centroid_1218,0.0006888888888888888
Centroid_1219,0.0009333333333333333
Centroid_1220,0.0007555555555555555
Centroid_1221,0.00044444444444444447
Centroid_1222,0.0006222222222222223
Centroid_1223,0.0004888888888888889
Centroid_1224,2.2222222222222223e-05
Centroid_1225,0.0006
Centroid_1226,8.888888888888889e-05
Centroid_1227,0.00011111111111111112
Centroid_1228,0.00035555555555555557
Centroid_1229,0.0005777777777777778
Centroid_1230,0.0006666666666666666
Centroid_1231,0.0007111111111111111
Centroid_1232,0.0002
Centroid_1233,0.00022222222222222223
Centroid_1234,0.0007777777777777777
Centroid_1235,0.0006
Centroid_1236,0.0004
Centroid_1237,4.4444444444444447e-05
Centroid_1238,0.00046666666666666666
Centroid_1239,0.0008666666666666666
Centroid_1240,0.0010666666666666667
Centroid_1241,0.00044444444444444447
Centroid_1242,0.0005777777777777778
Centroid_1243,0.0005111111111111112
Centroid_1244,0.0010444444444444444
Centroid_1245,0.0003111111111111111
Centroid_1246,0.0003333333333333333
Centroid_1247,0.0004222222222222222
Centroid_1248,0.0003111111111111111
Centroid_1249,0.00015555555555555556
Centroid_1250,0.0006
Centroid_1251,0.0002
Centroid_1252,0.0005333333333333334
Centroid_1253,0.00046666666666666666
Centroid_1254,6.666666666666667e-05
Centroid_1255,0.0007333333333333333
Centroid_1256,0.0008444444444444444
Centroid_1257,0.0010666666666666667
Centroid_1258,0.00022222222222222223
Centroid_1259,0.0006888888888888888
Centroid_1260,0.0004888888888888889
Centroid_1261,0.00022222222222222223
Centroid_1262,0.0005777777777777778
Centroid_1263,0.0006444444444444444
Centroid_1264,0.00044444444444444447
Centroid_1265,0.0006222222222222223
Centroid_1266,0.0008222222222222222
Centroid_1267,0.0006888888888888888
Centroid_1268,0.0005777777777777778
Centroid_1269,0.0005555555555555556
Centroid_1270,0.0005777777777777778
Centroid_1271,0.0007111111111111111
Centroid_1272,0.0003333333333333333
Centroid_1273,0.0008444444444444444
Centroid_1274,0.00015555555555555556
Centroid_1275,0.0008222222222222222
Centroid_1276,0.0006666666666666666
Centroid_1277,0.0004888888888888889
Centroid_1278,0.00037777777777777777
Centroid_1279,0.0005555555555555556
Centroid_1280,6.666666666666667e-05
Centroid_1281,0.0005555555555555556
Centroid_1282,0.0007555555555555555
Centroid_1283,6.666666666666667e-05
Centroid_1284,0.0006
Centroid_1285,2.2222222222222223e-05
Centroid_1286,0.0005333333333333334
Centroid_1287,4.4444444444444447e-05
Centroid_1288,0.00024444444444444443
Centroid_1289,0.00022222222222222223
Centroid_1290,0.0005555555555555556
Centroid_1291,0.0007555555555555555
Centroid_1292,0.0003111111111111111
Centroid_1293,0.00013333333333333334
Centroid_1294,0.0005111111111111112
Centroid_1295,6.666666666666667e-05
Centroid_1296,0.0006222222222222223
Centroid_1297,0.0006
Centroid_1298,0.0005555555555555556
Centroid_1299,0.00044444444444444447
Centroid_1300,0.0008666666666666666
Centroid_1301,0.0007777777777777777
Centroid_1302,0.0002666666666666667
Centroid_1303,0.0008222222222222222
Centroid_1304,0.00015555555555555556
Centroid_1305,0.0007555555555555555
Centroid_1306,0.0004888888888888889
Centroid_1307,0.0003333333333333333
Centroid_1308,0.0002666666666666667
Centroid_1309,0.0002666666666666667
Centroid_1310,0.00035555555555555557
Centroid_1311,0.00044444444444444447
Centroid_1312,0.0005555555555555556
Centroid_1313,0.00013333333333333334
Centroid_1314,0.0006666666666666666
Centroid_1315,0.00017777777777777779
Centroid_1316,0.0008444444444444444
Centroid_1317,0.0007777777777777777
Centroid_1318,0.0007333333333333333
Centroid_1319,0.0006
Centroid_1320,0.0002888888888888889
Centroid_1321,0.0002666666666666667
Centroid_1322,0.0002
Centroid_1323,8.888888888888889e-05
Centroid_1324,0.0004222222222222222
Centroid_1325,0.0003333333333333333
Centroid_1326,0.00015555555555555556
Centroid_1327,0.0008222222222222222
Centroid_1328,0.0002
Centroid_1329,0.00022222222222222223
Centroid_1330,0.0003111111111111111
Centroid_1331,0.0004
Centroid_1332,0.00017777777777777779
Centroid_1333,0.0005333333333333334
Centroid_1334,0.00011111111111111112
Centroid_1335,0.0002666666666666667
Centroid_1336,0.0004888888888888889
Centroid_1337,0.00015555555555555556
Centroid_1338,0.00017777777777777779
Centroid_1339,0.0004
Centroid_1340,0.0003111111111111111
Centroid_1341,0.00046666666666666666
Centroid_1342,0.0005333333333333334
Centroid_1343,0.0003333333333333333
Centroid_1344,0.0007333333333333333
Centroid_1345,0.0008444444444444444
Centroid_1346,0.00024444444444444443
Centroid_1347,0.00037777777777777777
Centroid_1348,0.0002
Centroid_1349,0.0005333333333333334
Centroid_1350,0.00044444444444444447
Centroid_1351,0.0006444444444444444
Centroid_1352,0.0008888888888888889
Centroid_1353,0.0005111111111111112
Centroid_1354,0.00024444444444444443
Centroid_1355,0.0006222222222222223
Centroid_1356,0.0002
Centroid_1357,0.0002888888888888889
Centroid_1358,0.00017777777777777779
Centroid_1359,0.0008666666666666666
Centroid_1360,0.0006666666666666666
Centroid_1361,0.0008222222222222222
Centroid_1362,0.00015555555555555556
Centroid_1363,0.0005111111111111112
Centroid_1364,4.4444444444444447e-05
Centroid_1365,0.0008222222222222222
Centroid_1366,0.0002666666666666667
Centroid_1367,0.0005333333333333334
Centroid_1368,0.0004
Centroid_1369,0.0006444444444444444
Centroid_1370,0.00022222222222222223
Centroid_1371,0.0007111111111111111
Centroid_1372,0.0007111111111111111
Centroid_1373,0.0005777777777777778
Centroid_1374,0.0007555555555555555
Centroid_1375,0.0002666666666666667
Centroid_1376,0.0003111111111111111
Centroid_1377,0.0006666666666666666
Centroid_1378,0.0003333333333333333
Centroid_1379,0.00035555555555555557
Centroid_1380,0.0003111111111111111
Centroid_1381,0.0008222222222222222
Centroid_1382,0.0002888888888888889
Centroid_1383,0.0003111111111111111
Centroid_1384,0.0002888888888888889
Centroid_1385,0.0008666666666666666
Centroid_1386,0.0008888888888888889
Centroid_1387,0.0003111111111111111
Centroid_1388,0.0006222222222222223
Centroid_1389,0.0004
Centroid_1390,0.00044444444444444447
Centroid_1391,0.00035555555555555557
Centroid_1392,0.0002666666666666667
Centroid_1393,0.0004888888888888889
Centroid_1394,0.0005555555555555556
Centroid_1395,0.0007777777777777777
Centroid_1396,0.0002
Centroid_1397,0.0004
Centroid_1398,0.0007111111111111111
Centroid_1399,0.00011111111111111112
Centroid_1400,0.0007333333333333333
Centroid_1401,0.00022222222222222223
Centroid_1402,0.0006444444444444444
Centroid_1403,0.0008666666666666666
Centroid_1404,0.0002
Centroid_1405,0.0004
Centroid_1406,0.0007333333333333333
Centroid_1407,0.0008
Centroid_1408,0.0008
Centroid_1409,0.0004888888888888889
Centroid_1410,0.0002
Centroid_1411,8.888888888888889e-05
Centroid_1412,0.00024444444444444443
Centroid_1413,0.0002666666666666667
Centroid_1414,0.0002
Centroid_1415,0.0005555555555555556
Centroid_1416,0.0006444444444444444
Centroid_1417,0.0008222222222222222
Centroid_1418,0.0005777777777777778
Centroid_1419,0.0006666666666666666
Centroid_1420,0.0004888888888888889
Centroid_1421,0.0006444444444444444
Centroid_1422,0.0009555555555555555
Centroid_1423,2.2222222222222223e-05
Centroid_1424,0.0008222222222222222
Centroid_1425,0.0007333333333333333
Centroid_1426,0.0008444444444444444
Centroid_1427,0.0002666666666666667
Centroid_1428,0.00015555555555555556
Centroid_1429,0.0012222222222222222
Centroid_1430,0.0007777777777777777
Centroid_1431,0.00037777777777777777
Centroid_1432,0.0007777777777777777
Centroid_1433,0.0002888888888888889
Centroid_1434,0.0005555555555555556
Centroid_1435,0.0007555555555555555
Centroid_1436,0.0004888888888888889
Centroid_1437,0.0006888888888888888
Centroid_1438,0.0005333333333333334
Centroid_1439,0.0004888888888888889
Centroid_1440,0.0002888888888888889
Centroid_1441,0.0004888888888888889
Centroid_1442,0.00037777777777777777
Centroid_1443,0.0009555555555555555
Centroid_1444,0.0003111111111111111
Centroid_1445,0.0005111111111111112
Centroid_1446,0.0005111111111111112
Centroid_1447,0.0004
Centroid_1448,0.0005333333333333334
Centroid_1449,0.0007333333333333333
Centroid_1450,0.00046666666666666666
Centroid_1451,0.0003111111111111111
Centroid_1452,0.0003333333333333333
Centroid_1453,0.0008444444444444444
Centroid_1454,0.0008444444444444444
Centroid_1455,0.00011111111111111112
Centroid_1456,0.0008222222222222222
Centroid_1457,0.00035555555555555557
Centroid_1458,0.0005111111111111112
Centroid_1459,0.0003111111111111111
Centroid_1460,0.0007111111111111111
Centroid_1461,0.0007111111111111111
Centroid_1462,0.0008666666666666666
Centroid_1463,0.0004
Centroid_1464,0.0006
Centroid_1465,0.00037777777777777777
Centroid_1466,0.0007555555555555555
Centroid_1467,0.00046666666666666666
Centroid_1468,0.0006888888888888888
Centroid_1469,0.0009333333333333333
Centroid_1470,0.00044444444444444447
Centroid_1471,0.0002
Centroid_1472,0.0007555555555555555
Centroid_1473,0.00013333333333333334
Centroid_1474,0.0005111111111111112
Centroid_1475,0.0008
Centroid_1476,0.0006
Centroid_1477,0.00024444444444444443
Centroid_1478,0.0007333333333333333
Centroid_1479,0.00022222222222222223
Centroid_1480,0.0002
Centroid_1481,0.0005333333333333334
Centroid_1482,0.0006
Centroid_1483,0.0008666666666666666
Centroid_1484,0.0006444444444444444
Centroid_1485,0.00017777777777777779
Centroid_1486,0.0006666666666666666
Centroid_1487,0.0006
Centroid_1488,0.0006444444444444444
Centroid_1489,0.0004
Centroid_1490,0.0006666666666666666
Centroid_1491,0.00046666666666666666
Centroid_1492,0.0004888888888888889
Centroid_1493,0.00035555555555555557
Centroid_1494,0.0008
Centroid_1495,0.0010444444444444444
Centroid_1496,0.0007777777777777777
Centroid_1497,0.0006666666666666666
Centroid_1498,0.0002666666666666667
Centroid_1499,0.0006666666666666666
Centroid_1500,6.666666666666667e-05
Centroid_1501,0.00037777777777777777
Centroid_1502,0.0004
Centroid_1503,0.0005333333333333334
Centroid_1504,0.0008666666666666666
Centroid_1505,0.00013333333333333334
Centroid_1506,0.0007333333333333333
Centroid_1507,0.0002888888888888889
Centroid_1508,0.0006222222222222223
Centroid_1509,0.0002666666666666667
Centroid_1510,0.0004888888888888889
Centroid_1511,0.0006444444444444444
Centroid_1512,0.0009555555555555555
Centroid_1513,0.0006888888888888888
Centroid_1514,0.0007555555555555555
Centroid_1515,0.0003333333333333333
Centroid_1516,0.0005333333333333334
Centroid_1517,0.0006222222222222223
Centroid_1518,0.0004222222222222222
Centroid_1519,0.0007555555555555555
Centroid_1520,2.2222222222222223e-05
Centroid_1521,0.0006444444444444444
Centroid_1522,0.0005333333333333334
Centroid_1523,0.0007333333333333333
Centroid_1524,0.0006
Centroid_1525,0.0002888888888888889
Centroid_1526,2.2222222222222223e-05
Centroid_1527,0.0006222222222222223
Centroid_1528,0.0005777777777777778
Centroid_1529,0.0004
Centroid_1530,0.0003333333333333333
Centroid_1531,0.00046666666666666666
Centroid_1532,0.0003333333333333333
Centroid_1533,0.0008222222222222222
Centroid_1534,0.0003111111111111111
Centroid_1535,6.666666666666667e-05
Centroid_1536,0.0002
Centroid_1537,8.888888888888889e-05
Centroid_1538,0.0007555555555555555
Centroid_1539,0.0002
Centroid_1540,0.0007777777777777777
Centroid_1541,0.0005777777777777778
Centroid_1542,0.0002888888888888889
Centroid_1543,0.00017777777777777779
Centroid_1544,0.0005111111111111112
Centroid_1545,0.0006
Centroid_1546,0.0006
Centroid_1547,0.00013333333333333334
Centroid_1548,0.00022222222222222223
Centroid_1549,0.0003333333333333333
Centroid_1550,6.666666666666667e-05
Centroid_1551,2.2222222222222223e-05
Centroid_1552,0.00013333333333333334
Centroid_1553,0.00037777777777777777
Centroid_1554,0.0007777777777777777
Centroid_1555,0.00046666666666666666
Centroid_1556,0.00044444444444444447
Centroid_1557,0.0004222222222222222
Centroid_1558,0.0006222222222222223
Centroid_1559,2.2222222222222223e-05
Centroid_1560,8.888888888888889e-05
Centroid_1561,0.00013333333333333334
Centroid_1562,0.0002666666666666667
Centroid_1563,0.00022222222222222223
Centroid_1564,0.0008
Centroid_1565,0.00035555555555555557
Centroid_1566,0.0004888888888888889
Centroid_1567,0.0003333333333333333
Centroid_1568,0.0007555555555555555
Centroid_1569,0.00044444444444444447
Centroid_1570,0.0006444444444444444
Centroid_1571,0.0003111111111111111
Centroid_1572,0.0005333333333333334
Centroid_1573,0.0003333333333333333
Centroid_1574,0.0002
Centroid_1575,0.00037777777777777777
Centroid_1576,0.0004
Centroid_1577,0.0008222222222222222
Centroid_1578,0.0006888888888888888
Centroid_1579,0.0003333333333333333
Centroid_1580,0.0008222222222222222
Centroid_1581,0.0007333333333333333
Centroid_1582,0.0007555555555555555
Centroid_1583,0.00046666666666666666
Centroid_1584,0.0009111111111111111
Centroid_1585,0.0003111111111111111
Centroid_1586,0.0006888888888888888
Centroid_1587,8.888888888888889e-05
Centroid_1588,0.00013333333333333334
Centroid_1589,0.0008444444444444444
Centroid_1590,0.0003111111111111111
Centroid_1591,0.0005333333333333334
Centroid_1592,0.0008222222222222222
Centroid_1593,0.00017777777777777779
Centroid_1594,0.0006
Centroid_1595,0.00015555555555555556
Centroid_1596,0.00037777777777777777
Centroid_1597,0.0004222222222222222
Centroid_1598,0.0002666666666666667
Centroid_1599,0.0004
Centroid_1600,0.00037777777777777777
Centroid_1601,0.00037777777777777777
Centroid_1602,0.0007111111111111111
Centroid_1603,6.666666666666667e-05
Centroid_1604,0.00044444444444444447
Centroid_1605,0.0006222222222222223
Centroid_1606,0.0006444444444444444
Centroid_1607,0.00035555555555555557
Centroid_1608,0.0006
Centroid_1609,0.0007111111111111111
Centroid_1610,0.0005777777777777778
Centroid_1611,8.888888888888889e-05
Centroid_1612,0.0004
Centroid_1613,0.00046666666666666666
Centroid_1614,0.0008888888888888889
Centroid_1615,0.00046666666666666666
Centroid_1616,0.0009111111111111111
Centroid_1617,0.0006
Centroid_1618,0.00037777777777777777
Centroid_1619,0.0007555555555555555
Centroid_1620,0.0007555555555555555
Centroid_1621,0.0008666666666666666
Centroid_1622,0.00046666666666666666
Centroid_1623,0.0005333333333333334
Centroid_1624,0.0005777777777777778
Centroid_1625,0.00046666666666666666
Centroid_1626,0.0002
Centroid_1627,0.0007777777777777777
Centroid_1628,0.0007111111111111111
Centroid_1629,0.0002888888888888889
Centroid_1630,0.0006222222222222223
Centroid_1631,0.0004
Centroid_1632,0.0005111111111111112
Centroid_1633,0.0003333333333333333
Centroid_1634,0.0006666666666666666
Centroid_1635,0.0005111111111111112
Centroid_1636,0.0009333333333333333
Centroid_1637,0.0004888888888888889
Centroid_1638,0.0006444444444444444
Centroid_1639,0.0006444444444444444
Centroid_1640,0.00017777777777777779
Centroid_1641,0.00035555555555555557
Centroid_1642,0.0008
Centroid_1643,0.00046666666666666666
Centroid_1644,0.0005555555555555556
Centroid_1645,0.0005555555555555556
Centroid_1646,0.0009111111111111111
Centroid_1647,0.00044444444444444447
Centroid_1648,0.00015555555555555556
Centroid_1649,0.0006888888888888888
Centroid_1650,0.00044444444444444447
Centroid_1651,0.0008222222222222222
Centroid_1652,0.0003333333333333333
Centroid_1653,0.0002
Centroid_1654,0.00015555555555555556
Centroid_1655,0.0010222222222222223
Centroid_1656,0.0005111111111111112
Centroid_1657,6.666666666666667e-05
Centroid_1658,0.0004
Centroid_1659,0.0006666666666666666
Centroid_1660,0.00035555555555555557
Centroid_1661,0.00024444444444444443
Centroid_1662,0.0007777777777777777
Centroid_1663,0.0008888888888888889
Centroid_1664,0.0003333333333333333
Centroid_1665,0.0005555555555555556
Centroid_1666,0.0008222222222222222
Centroid_1667,0.0008222222222222222
Centroid_1668,0.0006222222222222223
Centroid_1669,0.00015555555555555556
Centroid_1670,0.0006444444444444444
Centroid_1671,0.0009555555555555555
Centroid_1672,0.0006666666666666666
Centroid_1673,0.00013333333333333334
Centroid_1674,0.0002666666666666667
Centroid_1675,0.0005777777777777778
Centroid_1676,0.0007555555555555555
Centroid_1677,0.0007555555555555555
Centroid_1678,0.0002666666666666667
Centroid_1679,0.00044444444444444447
Centroid_1680,0.0006444444444444444
Centroid_1681,0.0003333333333333333
Centroid_1682,0.0007777777777777777
Centroid_1683,0.0006
Centroid_1684,0.00046666666666666666
Centroid_1685,0.0006222222222222223
Centroid_1686,6.666666666666667e-05
Centroid_1687,0.0002888888888888889
Centroid_1688,0.0008222222222222222
Centroid_1689,0.00046666666666666666
Centroid_1690,0.00022222222222222223
Centroid_1691,0.0005777777777777778
Centroid_1692,0.0005111111111111112
Centroid_1693,0.0006888888888888888
Centroid_1694,0.0006
Centroid_1695,0.0002888888888888889
Centroid_1696,0.0003333333333333333
Centroid_1697,0.0004888888888888889
Centroid_1698,0.0004888888888888889
Centroid_1699,0.00046666666666666666
Centroid_1700,0.0005555555555555556
Centroid_1701,0.0006
Centroid_1702,0.0004
Centroid_1703,0.0004888888888888889
Centroid_1704,0.00022222222222222223
Centroid_1705,0.0004888888888888889
Centroid_1706,0.0003111111111111111
Centroid_1707,0.0007333333333333333
Centroid_1708,0.00017777777777777779
Centroid_1709,0.0006
Centroid_1710,0.0003333333333333333
Centroid_1711,0.0005777777777777778
Centroid_1712,0.00035555555555555557
Centroid_1713,0.00013333333333333334
Centroid_1714,0.0004888888888888889
Centroid_1715,0.0007111111111111111
Centroid_1716,0.0006666666666666666
Centroid_1717,0.0007777777777777777
Centroid_1718,0.0006222222222222223
Centroid_1719,0.0003333333333333333
Centroid_1720,0.00017777777777777779
Centroid_1721,0.0009555555555555555
Centroid_1722,0.00024444444444444443
Centroid_1723,0.0002888888888888889
Centroid_1724,0.00022222222222222223
Centroid_1725,0.00013333333333333334
Centroid_1726,0.00046666666666666666
Centroid_1727,0.0002666666666666667
Centroid_1728,0.0006
Centroid_1729,0.0008
Centroid_1730,0.0006222222222222223
Centroid_1731,0.0003111111111111111
Centroid_1732,0.0003333333333333333
Centroid_1733,0.0005333333333333334
Centroid_1734,4.4444444444444447e-05
Centroid_1735,0.0006
Centroid_1736,0.0005333333333333334
Centroid_1737,0.0005555555555555556
Centroid_1738,0.0004222222222222222
Centroid_1739,0.00022222222222222223
Centroid_1740,0.0005333333333333334
Centroid_1741,0.0002666666666666667
Centroid_1742,0.0002
Centroid_1743,0.0004
Centroid_1744,6.666666666666667e-05
Centroid_1745,0.0004222222222222222
Centroid_1746,0.00015555555555555556
Centroid_1747,0.00046666666666666666
Centroid_1748,0.0003111111111111111
Centroid_1749,0.0005111111111111112
Centroid_1750,0.0004888888888888889
Centroid_1751,0.0004
Centroid_1752,0.0007333333333333333
Centroid_1753,0.00046666666666666666
Centroid_1754,0.00037777777777777777
Centroid_1755,0.0006666666666666666
Centroid_1756,0.0003111111111111111
Centroid_1757,0.0007111111111111111
Centroid_1758,0.0008444444444444444
Centroid_1759,0.0002888888888888889
Centroid_1760,0.0003333333333333333
Centroid_1761,0.0007333333333333333
Centroid_1762,0.0007333333333333333
Centroid_1763,0.00037777777777777777
Centroid_1764,0.0005777777777777778
Centroid_1765,0.0008666666666666666
Centroid_1766,0.0007333333333333333
Centroid_1767,0.0002666666666666667
Centroid_1768,0.00011111111111111112
Centroid_1769,0.0005111111111111112
Centroid_1770,0.00011111111111111112
Centroid_1771,0.0005111111111111112
Centroid_1772,0.0006
Centroid_1773,0.0003111111111111111
Centroid_1774,0.00044444444444444447
Centroid_1775,0.0006444444444444444
Centroid_1776,0.0002888888888888889
Centroid_1777,0.0005777777777777778
Centroid_1778,0.00046666666666666666
Centroid_1779,0.0003111111111111111
Centroid_1780,2.2222222222222223e-05
Centroid_1781,0.0007333333333333333
Centroid_1782,6.666666666666667e-05
Centroid_1783,0.0006222222222222223
Centroid_1784,0.0007111111111111111
Centroid_1785,2.2222222222222223e-05
Centroid_1786,0.00046666666666666666
Centroid_1787,0.0002666666666666667
Centroid_1788,0.00022222222222222223
Centroid_1789,0.0006
Centroid_1790,0.0003333333333333333
Centroid_1791,0.0004888888888888889
Centroid_1792,0.0002888888888888889
Centroid_1793,0.00037777777777777777
Centroid_1794,0.0004222222222222222
Centroid_1795,0.0003111111111111111
Centroid_1796,0.00015555555555555556
Centroid_1797,0.0007555555555555555
Centroid_1798,0.0002
Centroid_1799,0.0008
Centroid_1800,0.0007333333333333333
Centroid_1801,4.4444444444444447e-05
Centroid_1802,0.0003333333333333333
Centroid_1803,0.0007333333333333333
Centroid_1804,0.00035555555555555557
Centroid_1805,0.0007555555555555555
Centroid_1806,0.0002666666666666667
Centroid_1807,0.0006666666666666666
Centroid_1808,0.00035555555555555557
Centroid_1809,0.0005777777777777778
Centroid_1810,0.00037777777777777777
Centroid_1811,0.0005555555555555556
Centroid_1812,0.0004222222222222222
Centroid_1813,6.666666666666667e-05
Centroid_1814,0.00017777777777777779
Centroid_1815,0.0002666666666666667
Centroid_1816,0.0006888888888888888
Centroid_1817,0.0003111111111111111
Centroid_1818,0.0002888888888888889
Centroid_1819,0.00022222222222222223
Centroid_1820,0.0006222222222222223
Centroid_1821,0.0005333333333333334
Centroid_1822,0.0005111111111111112
Centroid_1823,0.0004222222222222222
Centroid_1824,0.0006222222222222223
Centroid_1825,0.0005777777777777778
Centroid_1826,0.0008888888888888889
Centroid_1827,0.00024444444444444443
Centroid_1828,0.0005777777777777778
Centroid_1829,0.0008222222222222222
Centroid_1830,4.4444444444444447e-05
Centroid_1831,2.2222222222222223e-05
Centroid_1832,0.00022222222222222223
Centroid_1833,0.0007111111111111111
Centroid_1834,0.00035555555555555557
Centroid_1835,0.0003111111111111111
Centroid_1836,0.00037777777777777777
Centroid_1837,0.0003333333333333333
Centroid_1838,0.0002
Centroid_1839,0.0005555555555555556
Centroid_1840,0.00037777777777777777
Centroid_1841,0.00024444444444444443
Centroid_1842,0.00044444444444444447
Centroid_1843,0.0006222222222222223
Centroid_1844,0.0006
Centroid_1845,0.0002
Centroid_1846,0.0003333333333333333
Centroid_1847,0.00024444444444444443
Centroid_1848,0.00011111111111111112
Centroid_1849,0.00024444444444444443
Centroid_1850,0.00035555555555555557
Centroid_1851,0.0006222222222222223
Centroid_1852,0.0007333333333333333
Centroid_1853,0.0006222222222222223
Centroid_1854,0.0007555555555555555
Centroid_1855,0.0004888888888888889
Centroid_1856,0.0009333333333333333
Centroid_1857,0.0002
Centroid_1858,0.00011111111111111112
Centroid_1859,0.0003111111111111111
Centroid_1860,0.00044444444444444447
Centroid_1861,8.888888888888889e-05
Centroid_1862,0.00044444444444444447
Centroid_1863,0.0002666666666666667
Centroid_1864,0.00044444444444444447
Centroid_1865,0.00037777777777777777
Centroid_1866,0.0005333333333333334
Centroid_1867,0.0007555555555555555
Centroid_1868,0.0004
Centroid_1869,0.0007555555555555555
Centroid_1870,0.0002
Centroid_1871,6.666666666666667e-05
Centroid_1872,0.00044444444444444447
Centroid_1873,0.0008666666666666666
Centroid_1874,0.0007555555555555555
Centroid_1875,0.0004888888888888889
Centroid_1876,0.0005111111111111112
Centroid_1877,0.0007333333333333333
Centroid_1878,0.0006888888888888888
Centroid_1879,0.00046666666666666666
Centroid_1880,0.00013333333333333334
Centroid_1881,0.00046666666666666666
Centroid_1882,8.888888888888889e-05
Centroid_1883,0.0008222222222222222
Centroid_1884,0.0004888888888888889
Centroid_1885,0.0003333333333333333
Centroid_1886,0.0007333333333333333
Centroid_1887,0.0010222222222222223
Centroid_1888,0.0003111111111111111
Centroid_1889,0.0002
Centroid_1890,0.00044444444444444447
Centroid_1891,0.0002888888888888889
Centroid_1892,0.0008222222222222222
Centroid_1893,0.0005333333333333334
Centroid_1894,0.0007555555555555555
Centroid_1895,0.0006444444444444444
Centroid_1896,0.0006222222222222223
Centroid_1897,0.0004
Centroid_1898,0.00022222222222222223
Centroid_1899,0.0004888888888888889
Centroid_1900,0.00017777777777777779
Centroid_1901,0.00015555555555555556
Centroid_1902,0.0005333333333333334
Centroid_1903,0.00046666666666666666
Centroid_1904,0.0003333333333333333
Centroid_1905,0.0007555555555555555
Centroid_1906,0.0005111111111111112
Centroid_1907,0.0004888888888888889
Centroid_1908,0.0008
Centroid_1909,0.0005111111111111112
Centroid_1910,0.0005111111111111112
Centroid_1911,0.00044444444444444447
Centroid_1912,0.0005555555555555556
Centroid_1913,0.00035555555555555557
Centroid_1914,0.0007777777777777777
Centroid_1915,0.00037777777777777777
Centroid_1916,0.0002888888888888889
Centroid_1917,0.00044444444444444447
Centroid_1918,0.0006222222222222223
Centroid_1919,0.00017777777777777779
Centroid_1920,0.0002
Centroid_1921,0.0005777777777777778
Centroid_1922,0.00044444444444444447
Centroid_1923,0.0002666666666666667
Centroid_1924,0.00013333333333333334
Centroid_1925,0.00035555555555555557
Centroid_1926,0.0005777777777777778
Centroid_1927,0.0007777777777777777
Centroid_1928,0.0004222222222222222
Centroid_1929,0.00022222222222222223
Centroid_1930,0.0006444444444444444
Centroid_1931,0.00022222222222222223
Centroid_1932,0.00044444444444444447
Centroid_1933,0.0005777777777777778
Centroid_1934,0.0008444444444444444
Centroid_1935,0.0005777777777777778
Centroid_1936,0.0004888888888888889
Centroid_1937,0.0005777777777777778
Centroid_1938,0.0004
Centroid_1939,0.00035555555555555557
Centroid_1940,0.0002666666666666667
Centroid_1941,0.0005555555555555556
Centroid_1942,0.0005777777777777778
Centroid_1943,0.0004888888888888889
Centroid_1944,0.0005777777777777778
Centroid_1945,2.2222222222222223e-05
Centroid_1946,0.0005111111111111112
Centroid_1947,0.00044444444444444447
Centroid_1948,0.0006
Centroid_1949,0.0008222222222222222
Centroid_1950,0.0005777777777777778
Centroid_1951,0.0005555555555555556
Centroid_1952,0.00037777777777777777
Centroid_1953,0.0006
Centroid_1954,0.0006444444444444444
Centroid_1955,2.2222222222222223e-05
Centroid_1956,0.00044444444444444447
Centroid_1957,0.00046666666666666666
Centroid_1958,0.00022222222222222223
Centroid_1959,0.0004222222222222222
Centroid_1960,0.00037777777777777777
Centroid_1961,0.0002
Centroid_1962,0.0008444444444444444
Centroid_1963,8.888888888888889e-05
Centroid_1964,0.00022222222222222223
Centroid_1965,0.0006
Centroid_1966,0.0004222222222222222
Centroid_1967,0.0004
Centroid_1968,0.0005555555555555556
Centroid_1969,0.0004
Centroid_1970,8.888888888888889e-05
Centroid_1971,0.00011111111111111112
Centroid_1972,0.0003111111111111111
Centroid_1973,0.0006222222222222223
Centroid_1974,0.0006444444444444444
Centroid_1975,0.00022222222222222223
Centroid_1976,0.0005555555555555556
Centroid_1977,0.00035555555555555557
Centroid_1978,2.2222222222222223e-05
Centroid_1979,0.0002888888888888889
Centroid_1980,0.0005111111111111112
Centroid_1981,0.0006
Centroid_1982,0.0007111111111111111
Centroid_1983,0.0003111111111111111
Centroid_1984,0.00046666666666666666
Centroid_1985,0.0004222222222222222
Centroid_1986,0.0002666666666666667
Centroid_1987,0.0006444444444444444
Centroid_1988,0.0003111111111111111
Centroid_1989,0.00015555555555555556
Centroid_1990,0.0006222222222222223
Centroid_1991,0.0006222222222222223
Centroid_1992,0.0002
Centroid_1993,0.0006444444444444444
Centroid_1994,0.00022222222222222223
Centroid_1995,0.0007111111111111111
Centroid_1996,0.00044444444444444447
Centroid_1997,0.0004222222222222222
Centroid_1998,0.0007555555555555555
Centroid_1999,0.0005555555555555556
Centroid_2000,0.00015555555555555556
